_id,date,time,details
6611933dfc13ae69f4ab8a21,8/28/2023,12:43 PM,tortor
6611933dfc13ae69f4ab8a22,1/11/2024,2:33 PM,ante ipsum
6611933dfc13ae69f4ab8a23,11/28/2023,1:21 PM,sapien
6611933dfc13ae69f4ab8a24,3/16/2024,10:07 AM,mauris
6611933dfc13ae69f4ab8a25,10/15/2023,7:23 AM,malesuada in
6611933dfc13ae69f4ab8a26,11/7/2023,4:47 AM,non
6611933dfc13ae69f4ab8a27,12/14/2023,3:47 PM,amet
6611933dfc13ae69f4ab8a28,2/12/2024,11:37 AM,lorem
6611933dfc13ae69f4ab8a29,8/1/2023,6:07 AM,justo
6611933dfc13ae69f4ab8a2a,4/2/2024,6:49 AM,vitae mattis
6611933dfc13ae69f4ab8a2b,10/5/2023,2:37 AM,amet erat
6611933dfc13ae69f4ab8a2c,3/3/2024,11:57 AM,morbi odio
6611933dfc13ae69f4ab8a2d,3/23/2024,9:26 PM,nulla
6611933dfc13ae69f4ab8a2e,8/3/2023,11:38 PM,lacus purus
6611933dfc13ae69f4ab8a2f,10/13/2023,3:29 AM,tristique fusce
6611933dfc13ae69f4ab8a30,4/8/2023,9:52 PM,nibh
6611933dfc13ae69f4ab8a31,8/18/2023,11:02 PM,a
6611933dfc13ae69f4ab8a32,8/30/2023,4:06 AM,id
6611933dfc13ae69f4ab8a33,6/3/2023,6:12 PM,in tempor
6611933dfc13ae69f4ab8a34,5/27/2023,10:50 AM,nec
6611933dfc13ae69f4ab8a35,12/2/2023,11:28 AM,viverra pede
6611933dfc13ae69f4ab8a36,5/18/2023,12:46 AM,pede
6611933dfc13ae69f4ab8a37,7/31/2023,2:52 PM,nulla
6611933dfc13ae69f4ab8a38,12/20/2023,5:04 PM,sed lacus
6611933dfc13ae69f4ab8a39,8/5/2023,8:10 AM,vestibulum
6611933dfc13ae69f4ab8a3a,4/3/2024,9:32 AM,erat quisque
6611933dfc13ae69f4ab8a3b,12/21/2023,9:27 PM,metus
6611933dfc13ae69f4ab8a3c,11/22/2023,11:14 AM,amet
6611933dfc13ae69f4ab8a3d,6/12/2023,10:55 AM,vehicula
6611933dfc13ae69f4ab8a3e,10/15/2023,2:56 PM,habitasse
